distance_km,avg_speed,traffic_level,battery_level,fuel_level,historical_eta_minutes
40.58,38.51,Low,70.54,57.2,57.26
95.32,74.19,Low,81.7,80.54,53.19
74.54,107.29,High,32.54,76.02,57.56
61.87,93.22,Low,66.24,15.39,48.96
19.82,100.66,Low,61.46,14.92,17.19
19.82,85.88,Medium,84.95,26.82,28.13
10.52,89.23,Low,91.55,36.11,4.27
87.29,104.92,Medium,11.09,40.85,47.13
62.11,44.97,Low,70.66,67.97,88.02
72.27,68.94,Low,14.67,5.67,54.56
6.96,42.12,Low,59.4,3.47,31.76
97.14,118.77,Low,35.89,39.19,54.78
84.08,114.41,High,37.61,69.72,58.29
25.17,23.94,Low,41.77,19.34,56.97
22.27,90.56,Medium,65.92,64.15,23.83
22.42,112.52,Low,40.06,25.98,9.56
33.9,38.06,Low,75.94,88.61,64.61
54.85,76.79,High,46.41,89.57,64.72
46.03,111.55,Low,16.15,29.73,17.44
32.67,23.39,Medium,80.54,23.0,112.71
63.13,89.74,High,35.72,41.13,62.7
18.25,49.73,Medium,48.95,24.05,39.71
32.75,112.44,High,71.69,67.24,31.39
39.8,117.11,Low,39.92,82.61,24.02
48.33,114.43,Low,15.09,67.31,28.45
79.59,67.42,Low,43.65,82.44,51.93
23.97,106.2,Medium,95.0,39.7,43.7
53.85,104.45,High,67.76,15.63,63.84
61.28,51.91,Low,70.43,73.8,66.86
9.41,102.89,Medium,66.91,36.05,4.46
62.72,23.7,Low,27.91,67.13,162.26
21.2,79.63,Medium,47.65,27.06,26.84
11.18,43.0,Low,77.58,8.12,19.16
95.14,32.06,High,19.12,99.26,199.97
96.74,27.7,Medium,35.01,15.62,224.61
81.8,89.63,Low,34.87,98.84,69.23
33.94,53.99,Low,48.88,97.73,43.4
14.28,92.48,Low,98.23,79.38,0.0
70.0,26.54,Low,16.08,65.94,171.88
46.81,51.53,Low,56.68,57.78,70.91
16.59,73.95,High,26.14,86.61,64.98
52.04,99.07,Medium,97.36,28.94,30.28
8.27,51.88,Medium,20.2,46.77,21.99
91.39,82.59,Low,46.32,61.94,45.57
29.58,108.6,High,76.41,41.12,41.87
67.94,81.59,Medium,73.41,42.75,54.48
34.61,43.3,Low,48.05,33.03,67.19
54.41,22.44,Medium,41.19,56.42,147.74
56.94,107.01,Medium,45.79,85.06,25.03
22.56,22.13,Low,33.78,20.15,56.45
97.11,107.47,Low,28.48,93.44,34.46
78.64,72.89,Low,53.47,68.91,72.24
94.25,113.91,Low,34.17,82.33,28.99
90.01,99.88,High,35.87,55.62,74.36
61.8,119.79,High,69.11,77.95,30.18
92.58,55.07,Medium,97.17,1.62,107.67
13.41,96.72,Low,64.33,81.84,24.75
23.62,60.19,Low,16.93,4.01,27.15
9.3,67.99,Medium,16.8,88.99,9.57
35.91,82.75,Medium,95.63,99.2,35.73
41.92,107.37,Low,36.76,29.41,23.61
30.78,118.41,Medium,18.29,21.03,30.32
83.73,96.83,High,63.91,76.54,58.21
38.89,61.78,Low,66.13,25.3,43.7
31.69,62.14,Low,68.37,86.56,3.55
56.56,93.76,Medium,34.07,10.28,39.9
18.39,43.88,Low,11.36,12.6,20.26
81.21,31.05,Low,96.85,97.92,163.26
12.08,55.46,Low,32.58,67.38,13.3
98.75,48.72,Low,70.84,84.69,107.56
78.36,49.63,Medium,73.6,32.43,94.88
23.88,43.36,Medium,64.9,67.65,45.03
5.52,24.21,Low,38.16,59.42,12.89
82.47,21.79,High,34.4,60.32,241.29
72.15,118.77,High,63.79,68.25,51.64
74.26,62.78,High,87.95,57.54,97.93
78.27,58.43,Low,95.21,42.91,75.2
12.03,87.96,Low,19.53,27.59,7.33
39.05,41.83,High,23.93,76.86,97.71
16.01,115.0,Medium,95.03,22.63,4.12
86.99,98.63,Low,76.29,69.24,34.4
64.21,28.94,Low,89.47,23.33,140.96
36.44,61.76,Low,28.24,62.53,28.62
11.04,107.91,High,62.88,74.71,22.96
34.54,114.47,Medium,73.1,21.87,20.29
35.89,66.74,Low,71.21,5.99,29.67
74.31,81.34,Low,46.73,13.1,70.8
65.57,36.7,Medium,11.39,60.6,125.22
89.29,119.12,High,62.46,84.94,73.6
49.86,43.17,Low,32.78,4.5,55.14
16.36,114.27,Medium,50.52,73.42,7.08
72.76,84.96,High,96.18,34.13,42.99
77.27,80.77,Low,45.91,47.85,49.31
58.32,71.27,Medium,85.58,92.89,68.66
78.24,43.07,Low,26.97,33.2,114.16
51.91,37.65,Medium,70.52,46.53,90.51
54.66,42.05,Medium,97.93,1.37,87.77
45.62,38.64,Medium,19.17,8.16,73.95
7.41,97.96,Medium,10.75,25.86,16.59
15.25,55.01,Low,49.02,2.79,24.29
7.99,25.78,High,18.34,63.14,22.44
65.46,116.91,Medium,77.35,42.64,46.59
34.86,108.38,Low,92.31,54.81,28.62
53.31,112.78,Medium,49.06,17.46,34.21
91.22,119.49,Medium,33.28,29.59,62.81
28.68,37.39,Low,49.1,66.38,74.17
43.99,59.62,High,75.11,96.53,63.23
76.78,95.82,High,10.81,5.04,72.01
26.74,89.6,Low,63.05,89.04,10.53
12.31,35.39,High,65.2,57.69,42.68
32.53,101.58,Low,67.39,56.39,23.82
20.32,42.44,Low,31.78,50.03,30.68
93.32,42.38,Low,74.26,6.94,121.92
81.77,73.7,High,18.23,8.99,88.63
65.17,79.29,Medium,27.93,60.09,73.94
87.79,78.01,Low,88.97,34.1,72.01
81.35,29.15,Low,76.49,91.73,177.06
22.72,107.75,Medium,11.24,40.66,20.28
89.79,46.56,Low,32.35,14.33,123.21
56.24,32.95,High,29.3,71.47,125.2
81.71,108.87,High,34.37,29.34,55.52
90.13,115.57,Medium,32.28,52.55,59.98
35.21,106.21,High,15.63,69.78,29.97
15.45,100.95,Low,51.3,90.03,2.85
26.65,85.52,High,75.95,79.22,40.59
45.58,75.09,Medium,64.61,67.64,49.39
82.71,28.7,Medium,70.56,67.96,171.02
86.77,60.85,Low,17.3,94.59,96.1
5.66,57.27,High,95.63,29.58,31.65
53.52,45.98,Low,85.46,0.11,62.79
44.65,92.34,Low,82.46,27.2,13.64
26.1,69.59,Low,84.07,21.79,21.05
16.39,28.1,Medium,93.94,66.18,40.54
37.07,42.02,Medium,58.98,63.37,64.06
94.58,88.33,Medium,28.03,59.35,70.61
35.7,27.61,High,65.51,1.62,77.51
54.29,105.12,Low,76.86,72.88,27.1
71.79,69.51,Medium,76.41,32.35,68.91
39.54,68.06,Low,56.93,66.51,41.19
97.32,79.24,High,16.16,55.66,86.71
96.43,102.47,High,43.4,34.27,93.25
28.92,54.78,Medium,92.87,13.46,22.56
52.24,87.8,Medium,62.6,9.44,58.81
33.58,76.57,Low,58.45,83.15,24.07
32.06,46.7,Low,34.2,91.84,49.79
8.5,107.86,High,43.16,64.98,25.53
62.91,99.74,Low,90.58,10.34,49.24
52.75,85.85,Low,69.98,40.2,32.99
9.89,105.06,Low,80.86,72.89,0.0
31.47,106.73,High,50.89,77.98,51.9
91.29,90.84,Low,66.72,11.82,59.16
27.76,103.7,Low,32.35,0.0,18.28
18.77,89.75,Medium,73.49,71.21,34.9
51.5,88.01,High,48.48,35.66,44.79
98.64,81.86,Low,49.83,25.45,78.25
28.0,95.27,Low,68.44,1.29,11.74
68.85,35.86,Low,94.27,54.03,113.88
77.35,108.09,Low,15.76,85.12,43.66
27.58,107.18,Low,84.23,95.76,0.44
74.18,22.92,Medium,36.31,56.57,196.4
39.94,102.58,Medium,49.95,51.45,46.87
65.07,32.89,Medium,11.97,8.51,137.57
65.19,53.51,Low,37.09,54.89,72.47
55.9,94.35,High,55.24,38.0,57.98
13.58,36.08,Low,15.06,60.71,19.64
84.35,101.8,High,54.2,38.87,83.28
35.47,103.21,Medium,93.44,24.03,28.62
22.72,70.75,Low,19.49,9.5,21.59
8.87,20.64,Medium,78.8,31.49,47.25
61.13,48.7,Low,46.87,9.66,67.54
69.37,81.69,Medium,68.97,17.69,76.54
6.58,118.12,Low,33.42,98.73,0.0
53.65,83.18,Low,24.35,44.41,55.0
26.52,45.98,High,24.44,53.19,50.88
66.29,83.4,Low,16.34,87.36,45.26
21.56,74.0,High,26.71,99.56,18.58
70.64,97.98,Low,69.78,58.27,38.71
41.74,30.7,Medium,89.35,81.25,81.18
93.99,96.1,Medium,83.27,32.69,62.61
18.06,74.13,Medium,71.66,30.57,23.24
37.4,116.3,Low,19.94,40.27,28.87
15.78,54.19,Low,36.03,67.25,19.55
92.85,83.26,Low,37.88,68.22,69.99
88.35,113.2,Low,32.5,31.52,35.87
29.5,30.25,Medium,56.35,13.32,59.7
67.7,113.72,High,58.2,63.24,73.71
82.64,88.79,High,42.12,12.83,68.49
57.74,26.78,Medium,41.84,57.85,155.93
55.32,50.1,Medium,84.57,69.34,73.82
27.98,90.82,Medium,81.04,70.06,28.51
13.84,26.74,Low,37.7,75.35,41.76
90.24,78.22,High,92.24,87.29,101.94
90.54,54.59,Medium,95.75,50.0,108.4
65.14,82.09,Medium,39.41,73.02,53.73
37.21,24.57,Low,41.9,61.92,90.31
38.17,107.15,Low,55.51,18.66,24.75
73.97,117.35,Low,94.7,2.57,46.73
90.23,116.89,High,88.87,28.45,66.36
89.27,94.97,Medium,19.23,44.3,72.59
79.09,33.01,Low,45.35,61.71,160.14
65.99,95.83,High,59.8,85.0,65.13
12.99,22.46,Low,55.28,19.62,37.82
20.35,22.21,Low,27.45,12.55,39.79
90.36,52.36,Low,87.29,96.35,77.24
62.61,68.86,Medium,70.92,10.8,68.44
5.87,97.04,High,85.41,47.85,22.68
14.64,88.33,Low,87.29,58.56,4.8
68.03,64.59,High,77.35,54.14,85.63
5.48,47.36,Low,49.53,8.6,6.34
20.28,119.71,High,64.95,5.7,41.44
57.13,62.62,Medium,24.43,10.55,65.6
70.73,65.14,High,70.63,58.56,77.68
66.94,36.36,Low,26.13,54.43,120.36
26.31,99.48,High,72.46,23.37,33.7
72.66,89.37,Medium,30.66,63.78,64.05
27.54,42.08,Low,20.58,82.01,34.49
35.91,28.24,High,24.88,4.16,89.8
75.92,88.05,Low,10.18,49.81,52.58
66.72,85.45,High,74.69,68.93,66.98
85.68,47.33,Low,75.92,25.23,113.41
67.47,115.09,Medium,56.34,30.78,42.49
58.99,35.11,Medium,24.52,61.36,92.45
13.9,63.23,Low,17.52,89.79,8.86
39.93,114.36,Low,11.72,80.99,28.89
30.19,61.97,Low,24.92,58.31,26.26
28.18,83.85,Low,90.18,73.02,17.7
97.44,59.76,Low,31.74,36.48,107.7
42.34,47.42,Medium,41.88,64.1,56.45
89.74,118.4,Low,19.48,46.62,30.05
64.96,60.93,Low,30.01,18.99,62.36
80.51,109.41,Medium,56.73,70.17,49.31
52.75,43.0,Low,64.7,55.65,63.94
59.81,41.31,High,32.08,35.86,105.12
51.79,23.11,High,15.2,91.13,159.38
23.55,85.17,Medium,45.19,2.09,26.5
73.63,56.85,Medium,31.08,31.58,90.78
31.67,106.44,High,29.76,5.69,55.99
7.31,67.32,Low,96.39,76.65,3.09
66.32,116.82,Low,65.47,70.21,36.85
21.83,38.55,Low,60.12,33.14,28.88
94.34,106.86,Medium,47.42,67.57,54.51
95.62,97.66,Low,48.6,39.59,52.9
91.91,97.09,Medium,58.68,75.63,62.01
40.17,104.48,High,72.68,45.42,46.66
6.47,96.1,High,73.19,41.23,47.53
93.19,82.62,Medium,25.45,93.47,70.52
45.68,33.12,Low,55.01,25.09,78.59
96.83,23.25,High,47.08,12.04,269.25
96.54,112.08,Medium,88.35,58.45,65.64
86.04,81.67,Low,66.83,96.93,65.85
32.97,99.65,Low,57.93,37.78,32.69
41.58,68.15,High,20.39,6.2,32.34
85.86,31.73,Medium,64.51,33.93,148.49
35.11,32.52,High,20.55,50.59,79.82
21.1,88.56,High,40.35,16.19,45.27
57.9,63.03,Medium,22.86,65.81,49.46
93.93,40.05,Medium,72.29,99.77,120.64
71.12,69.16,Low,28.56,45.17,67.41
59.16,26.42,Low,45.27,35.47,136.79
14.23,78.2,Low,90.61,40.07,0.02
63.43,46.9,Medium,28.39,11.51,81.29
99.06,99.76,Medium,55.7,88.33,59.88
18.31,51.04,High,47.73,41.48,42.63
54.24,65.52,Low,11.63,38.73,43.41
88.35,21.16,Medium,81.35,65.97,265.46
75.37,27.24,Medium,16.21,44.2,147.47
71.22,59.25,Medium,52.68,64.82,73.55
71.74,67.99,Medium,60.46,6.14,62.05
39.15,80.0,Low,66.56,81.37,26.8
32.89,49.17,Medium,71.98,94.05,44.75
81.89,89.5,Low,32.79,64.88,62.88
81.96,106.01,Low,10.9,95.46,27.79
87.37,97.99,Low,75.11,15.14,53.95
91.76,23.96,Medium,58.21,47.74,245.37
53.58,68.05,High,85.25,60.18,85.81
52.64,30.49,Medium,83.92,58.17,108.77
80.84,44.2,Medium,85.9,40.15,122.98
66.75,118.67,Medium,53.66,33.81,25.71
71.69,34.25,Medium,40.03,12.68,111.67
80.6,69.89,Low,81.24,39.17,77.64
89.55,81.82,Low,50.62,16.27,65.61
37.11,90.25,Low,26.51,73.44,36.46
40.68,75.96,Low,86.95,20.88,18.4
13.93,20.98,Low,89.43,5.86,45.04
59.94,52.65,Low,51.97,55.24,87.0
8.41,71.77,Low,16.81,59.52,11.23
49.23,28.79,High,44.9,87.19,125.36
56.55,55.06,Low,82.32,57.7,61.71
32.22,23.32,Low,91.16,34.55,67.19
61.13,27.86,Low,28.31,80.3,145.21
7.9,59.69,Medium,16.03,54.03,11.83
8.55,33.27,Low,88.96,7.93,20.46
83.15,76.75,Low,45.05,56.59,49.37
39.22,88.95,Medium,58.76,90.8,24.66
17.07,100.06,Low,97.13,39.63,24.59
54.61,40.02,Low,15.99,29.63,78.4
78.15,36.75,Low,68.35,14.35,142.12
25.5,30.46,Low,16.67,15.14,49.45
64.17,83.64,Low,43.79,43.28,27.61
13.11,90.65,Low,82.34,59.57,17.6
9.91,23.16,High,49.01,8.06,39.77
55.48,113.62,Medium,99.75,93.96,46.28
56.36,25.2,Medium,60.32,75.51,144.44
65.56,74.13,Low,38.9,58.66,37.63
73.98,90.91,High,29.81,82.84,70.47
97.71,107.1,Low,41.55,8.02,76.7
54.05,91.41,Low,43.53,47.68,40.41
35.68,100.17,Medium,16.18,63.01,30.8
80.54,53.95,Low,43.26,82.87,100.33
30.73,101.48,Low,51.78,78.35,20.28
46.7,28.01,Medium,75.05,27.71,112.13
12.45,109.48,High,69.11,94.09,15.91
7.41,74.76,Low,73.79,12.43,8.29
96.45,101.73,Medium,10.75,87.51,77.24
84.42,65.23,High,29.59,97.09,89.29
71.12,84.36,Low,69.55,17.72,64.83
43.85,72.64,Low,53.56,72.21,35.3
21.46,93.16,Low,10.48,4.03,4.94
19.86,28.16,Low,82.4,40.54,52.29
28.77,26.04,Low,79.55,51.63,63.42
57.18,44.71,High,59.36,58.06,104.33
72.89,35.95,Medium,15.98,93.59,128.73
67.72,107.18,Medium,78.99,67.23,47.31
31.59,41.92,Low,62.53,48.13,50.15
95.71,117.59,High,80.38,80.97,71.74
75.1,53.69,High,77.66,95.05,83.97
57.66,38.21,High,82.27,2.21,99.33
63.11,98.97,Low,56.62,98.25,47.55
44.86,85.87,Medium,22.63,8.61,40.02
28.53,69.82,Low,70.4,81.44,19.28
38.82,75.54,Low,65.84,28.03,17.25
77.0,91.92,Low,76.8,13.22,39.46
6.37,42.85,Medium,25.29,43.99,0.0
16.03,119.63,Medium,27.55,64.4,17.03
9.37,117.48,Low,90.14,38.1,0.0
8.87,85.03,Low,77.5,5.46,0.0
86.27,39.95,Low,91.74,59.95,128.89
71.85,88.02,Low,78.28,90.24,52.62
50.05,27.22,Low,63.74,38.32,131.26
14.29,23.07,Low,68.87,21.63,22.05
51.7,45.77,Medium,90.02,44.26,89.37
49.98,66.26,Low,62.09,4.84,54.99
21.45,106.83,Low,66.92,82.05,4.26
46.22,92.72,Low,24.08,82.63,31.94
42.86,94.27,High,52.65,58.8,42.7
63.51,62.55,Medium,74.48,35.31,72.78
65.33,54.59,Medium,34.38,79.98,96.9
9.3,57.1,Low,28.2,55.47,15.83
40.59,118.76,Medium,38.24,82.59,35.59
64.46,24.01,Low,31.74,63.15,156.78
52.8,106.7,Medium,29.34,78.44,24.85
86.37,77.87,High,48.24,59.86,84.46
67.58,63.86,Medium,91.71,41.41,85.56
20.48,92.53,High,55.64,95.79,18.01
11.7,68.67,Medium,26.91,54.11,9.67
66.03,107.34,Low,16.93,60.51,38.17
7.52,110.07,High,72.65,22.05,14.25
60.65,62.17,Low,44.45,62.57,50.61
94.32,47.68,Medium,83.96,57.16,124.46
59.67,79.24,Low,69.36,18.48,31.53
41.88,111.24,Low,81.66,5.96,12.85
66.11,41.07,Low,34.48,60.44,103.62
48.53,82.3,Low,72.31,76.37,22.31
56.83,83.16,Low,33.77,52.34,25.02
94.44,93.31,Medium,94.52,22.68,64.43
41.68,33.16,Low,67.27,66.65,82.74
96.31,91.58,Low,39.21,8.01,61.13
91.01,110.9,Medium,34.26,44.18,54.59
23.6,37.97,Low,27.18,16.34,37.74
11.59,43.75,Medium,72.52,18.45,8.44
14.57,117.14,Medium,29.68,20.23,22.41
6.73,38.1,High,63.58,38.67,34.43
13.97,105.44,Medium,33.82,5.12,13.86
69.89,69.23,Low,69.58,39.78,70.63
11.76,44.72,Medium,83.34,51.17,14.5
35.3,107.07,Low,80.02,48.33,31.06
85.26,64.53,Low,78.48,38.28,80.82
7.21,71.48,Medium,26.9,83.91,12.69
82.37,55.92,Low,17.95,14.53,88.18
31.78,79.3,Medium,72.91,50.57,32.97
16.23,36.35,High,43.15,6.2,58.99
71.19,59.11,High,48.91,7.12,81.5
64.75,116.94,High,12.8,57.39,45.6
88.36,45.81,Low,33.36,56.6,126.09
74.83,85.67,Low,13.03,87.8,46.45
81.33,52.52,Medium,89.13,55.79,111.92
31.79,97.35,Low,31.91,95.98,36.59
21.86,33.09,Medium,60.16,4.87,45.62
76.31,116.98,Medium,13.51,9.8,55.95
81.65,65.38,Medium,70.02,4.41,73.39
99.1,43.61,Low,39.07,18.53,143.89
44.2,27.35,Low,90.81,54.13,98.96
40.34,36.98,Low,89.93,64.56,70.18
78.76,71.98,Low,39.28,4.56,59.2
37.38,53.7,High,91.09,94.6,45.15
93.42,102.89,Low,99.65,84.22,59.51
86.55,63.09,Low,84.29,29.66,61.68
45.75,44.87,Low,86.04,7.72,58.0
76.33,81.71,Medium,32.41,16.99,75.46
76.68,90.68,Medium,61.9,12.69,62.66
14.8,36.7,Low,16.05,12.33,43.68
90.74,36.76,Low,18.54,51.86,158.36
53.0,23.67,Low,99.9,24.58,127.81
83.51,93.64,Low,39.4,35.81,53.78
35.4,86.38,Medium,77.34,98.95,34.12
90.07,67.46,Medium,82.6,68.43,74.29
41.97,104.42,Low,87.22,94.9,14.71
6.03,100.57,Low,99.79,14.26,0.0
91.01,78.54,High,31.73,38.21,69.16
13.67,106.83,Low,13.63,55.47,8.15
35.33,40.58,Medium,47.01,7.68,59.75
95.26,31.19,Low,21.71,0.42,166.52
95.31,46.97,Low,12.02,67.04,125.79
59.48,25.71,Low,42.44,64.18,145.97
65.02,73.12,Medium,80.54,41.08,65.62
47.6,113.66,High,60.96,48.96,41.89
32.86,23.93,Low,38.15,41.54,88.3
36.22,32.21,Low,68.89,2.4,74.27
68.89,65.22,Low,30.88,33.54,66.45
76.48,113.39,Low,11.29,17.71,32.22
80.2,51.62,Low,78.79,9.84,95.99
80.01,70.72,Low,66.14,95.67,79.84
13.66,24.16,Medium,78.61,59.94,37.96
51.97,34.83,Low,13.5,72.87,110.51
10.47,118.66,Low,85.34,31.54,0.04
57.21,116.51,High,65.76,39.31,49.79
46.95,20.49,Low,60.71,23.69,130.76
89.33,115.18,High,66.22,9.7,68.77
38.34,83.91,Low,87.8,17.9,9.99
16.12,106.79,High,62.82,79.75,23.6
18.58,65.47,Medium,62.29,67.75,16.11
77.34,71.56,High,99.16,54.69,86.2
63.73,68.88,High,78.11,47.51,85.46
14.61,86.69,Low,49.81,92.24,16.57
12.99,33.97,High,73.67,7.27,19.23
71.59,23.0,Low,45.03,28.06,207.18
11.91,50.79,Low,30.6,34.99,17.02
83.08,90.47,Low,63.72,78.24,47.33
72.09,40.19,Medium,93.54,99.25,119.2
12.73,87.34,Low,93.62,24.07,10.51
13.06,116.99,Medium,40.77,87.43,10.03
98.73,29.39,Medium,57.49,83.06,213.54
40.56,87.26,Medium,29.05,22.47,31.81
40.21,64.38,High,99.61,39.93,53.43
82.22,106.81,Low,98.3,40.97,39.32
94.99,37.71,Low,68.46,97.82,136.81
98.67,89.26,Low,82.4,18.09,67.78
76.57,103.81,Low,74.36,79.92,50.11
40.74,114.46,Low,63.38,33.42,26.5
12.93,88.32,Low,14.8,73.09,16.98
78.83,69.72,Low,50.93,42.0,71.08
58.05,81.78,High,70.73,57.84,57.26
45.3,106.89,Medium,70.98,83.26,43.82
91.1,77.06,Low,43.58,80.42,57.36
15.56,23.04,Medium,94.75,86.64,41.51
51.8,113.09,Low,25.06,5.96,17.84
6.08,88.95,Low,55.03,69.21,14.9
49.52,87.65,Medium,72.18,14.0,53.33
10.35,41.57,Low,72.74,41.58,19.81
16.29,85.89,Low,68.38,54.86,22.1
16.16,59.39,High,34.78,40.27,27.53
66.67,85.12,High,24.06,51.96,70.48
75.87,30.66,Medium,67.23,99.65,157.22
60.42,85.78,Medium,63.94,13.52,60.73
96.41,119.94,Medium,26.14,67.55,57.08
40.61,24.82,Low,73.46,39.6,94.32
32.14,117.72,Low,50.97,13.3,21.79
87.52,60.69,Low,70.1,15.87,95.29
26.24,107.08,Low,85.36,94.93,8.02
96.51,98.24,Medium,25.28,87.96,68.33
6.15,76.7,Low,11.72,90.7,0.0
97.14,93.84,High,80.12,99.15,57.13
9.1,107.85,High,64.87,20.83,27.07
89.66,60.41,Medium,72.97,35.54,105.14
55.13,52.7,Medium,85.43,66.92,75.39
99.33,86.76,High,82.25,48.38,69.2
12.01,100.78,Low,96.48,41.84,3.64
57.62,96.23,Medium,58.23,35.78,23.74
97.08,99.78,Low,53.96,59.38,72.07
54.69,63.56,Medium,46.17,57.56,50.77
64.79,101.78,Low,23.83,16.15,50.75
71.1,32.02,High,61.53,47.17,162.69
48.18,74.45,High,34.93,55.35,49.82
64.62,20.58,Low,92.92,57.03,177.07
60.51,52.46,Low,62.49,21.01,72.71
90.61,56.65,High,63.36,74.23,107.52
9.32,59.62,Low,41.94,2.52,10.4
31.69,89.55,High,14.68,35.48,36.4
95.29,58.86,Medium,12.86,78.02,89.32
89.58,64.87,Low,48.1,56.39,60.55
48.29,43.75,Low,17.61,26.12,68.49
63.91,57.33,Low,64.62,69.5,61.27
31.35,42.73,Medium,89.29,56.74,48.49
22.87,27.32,Low,89.46,79.62,57.19
49.05,80.34,Medium,69.31,73.5,58.37
38.57,86.82,Low,29.01,61.01,23.93
60.45,81.95,Medium,87.67,48.82,50.85
12.38,66.35,High,89.75,13.32,36.2
97.57,57.98,High,27.7,26.13,107.4
98.69,106.33,Low,76.37,41.91,57.92
71.33,71.91,High,35.79,59.93,85.03
55.93,67.92,Medium,82.24,51.37,66.21
34.41,22.56,Medium,99.75,28.82,82.15
82.31,54.12,High,12.7,0.65,103.64
70.05,58.02,Low,90.76,49.62,63.66
20.45,59.88,Low,66.04,28.56,21.49
91.54,78.02,High,97.6,73.46,95.2
83.14,73.36,Low,51.85,2.39,82.97
95.23,80.79,High,86.26,58.48,85.77
73.94,96.49,High,15.62,94.15,61.0
63.27,101.3,Low,40.18,17.44,48.97
44.73,91.81,High,16.03,47.16,52.2
93.61,115.55,Low,97.78,9.14,61.28
87.28,21.82,Medium,83.53,62.57,252.89
9.3,39.58,Medium,86.73,55.05,12.53
7.5,20.76,High,94.42,40.74,28.35
40.76,84.75,Low,17.66,52.14,13.34
82.0,109.8,Low,44.7,89.66,51.43
98.79,44.35,Medium,16.39,19.63,155.54
19.29,112.7,Medium,28.97,2.26,38.76
61.44,26.03,Medium,30.64,86.17,160.05
41.18,113.44,Low,52.22,57.71,33.41
97.14,55.16,Low,34.17,89.07,99.86
85.0,30.14,Low,19.09,59.69,157.65
84.64,68.59,High,25.07,81.02,102.54
49.53,45.68,Low,23.25,42.97,69.23
44.41,48.49,Low,97.58,74.99,56.03
30.97,50.73,High,78.34,91.3,60.5
10.36,100.3,Low,97.1,57.21,9.43
87.15,73.92,High,49.58,18.08,103.58
82.23,51.13,Medium,35.05,26.88,119.45
99.97,81.03,High,81.85,19.86,99.47
99.68,91.62,Low,39.36,24.69,73.74
57.77,47.26,Low,36.94,30.64,78.48
78.05,61.35,Medium,30.93,55.51,81.72
94.75,32.19,High,21.67,58.8,204.17
85.72,38.11,Medium,33.08,42.65,131.01
28.5,88.11,Low,41.98,61.54,29.95
47.8,38.14,Medium,70.66,8.16,73.25
17.27,72.52,Medium,15.63,8.78,27.15
95.63,90.9,Medium,28.95,17.18,64.67
62.59,30.69,Medium,82.81,51.81,137.9
26.72,76.73,High,23.22,21.4,40.55
68.81,45.66,Medium,40.84,28.33,84.47
63.72,116.29,Low,87.82,40.03,37.08
39.03,68.35,Low,23.94,81.19,28.48
15.79,100.6,Low,17.45,1.39,18.23
68.8,75.02,Low,53.61,64.94,55.04
54.43,24.34,Low,37.22,66.89,138.13
78.37,83.32,Low,60.71,79.87,46.86
54.42,115.14,Low,82.34,93.28,22.47
85.96,80.16,Low,22.34,2.01,59.75
57.43,101.92,High,62.26,15.38,62.38
58.29,108.42,High,55.5,88.62,69.03
88.28,42.81,Low,22.97,45.85,115.68
43.33,41.2,High,66.16,56.46,93.87
17.73,81.1,Medium,34.63,66.3,1.42
7.73,61.1,Low,53.91,67.91,0.0
76.74,103.99,Low,17.4,93.17,34.69
63.93,110.0,Medium,51.36,99.69,31.35
71.89,55.34,Medium,37.58,72.02,72.11
25.23,43.69,Medium,84.01,28.72,48.78
17.96,98.05,Low,15.13,87.98,8.85
6.38,47.48,Low,47.67,4.92,11.86
38.31,102.26,Low,51.26,23.11,29.38
61.04,62.37,Low,75.25,89.74,61.38
42.26,86.75,Low,61.69,25.62,35.81
46.56,29.55,Low,70.05,22.07,93.84
90.9,82.39,High,79.93,13.81,74.33
38.08,65.18,High,87.6,85.91,65.63
53.83,78.66,Low,38.25,50.01,35.17
79.45,36.8,High,58.42,67.49,140.18
42.67,93.69,Low,85.61,23.91,25.55
64.1,106.28,Low,99.05,75.8,27.06
86.92,41.67,Low,90.06,76.0,120.98
95.2,29.57,Medium,43.43,31.26,206.61
18.97,22.36,High,27.56,41.07,74.39
93.03,84.2,Medium,54.05,20.97,67.31
51.75,80.71,Low,76.75,97.66,33.59
29.53,74.67,Medium,54.33,64.56,44.47
48.62,43.19,Low,53.49,93.45,72.51
98.1,59.09,High,85.44,30.34,140.36
51.8,79.45,Medium,42.53,78.19,60.92
36.23,69.68,Low,87.38,76.59,42.64
65.17,118.78,Medium,46.61,69.17,29.04
27.81,33.64,Medium,39.54,96.56,67.24
12.21,89.51,Low,50.86,39.36,7.65
17.24,60.43,Medium,78.62,13.07,21.61
17.16,62.82,Low,21.34,67.17,18.07
19.43,91.76,Medium,27.68,72.93,32.16
18.19,89.24,High,95.63,57.51,37.24
65.88,119.13,High,25.79,20.68,44.4
22.28,32.84,Medium,61.1,50.45,58.13
37.84,30.41,Medium,62.14,31.22,78.28
90.19,92.43,Low,54.07,42.75,60.71
50.03,77.84,Medium,68.03,64.52,45.53
68.42,47.42,Low,30.68,74.52,84.38
21.37,27.94,Low,59.74,23.22,53.55
23.27,28.57,Low,43.5,40.53,38.47
8.88,109.42,Low,69.55,26.92,24.32
21.05,39.19,Medium,22.71,19.86,24.02
31.47,52.34,Low,61.38,78.34,30.1
21.82,42.67,Medium,26.67,90.93,44.38
13.43,55.5,Low,35.08,37.02,20.36
16.46,26.94,Low,29.68,75.13,35.65
48.77,71.91,Medium,26.46,89.7,50.12
24.6,26.76,Low,84.31,84.61,59.26
39.61,100.04,Low,35.71,18.28,21.45
52.82,43.37,Medium,93.44,95.63,97.01
70.59,74.0,Low,97.29,37.67,65.63
8.73,108.01,High,61.41,33.92,33.58
80.94,85.09,Low,22.87,6.24,47.41
64.65,73.3,Low,43.71,48.62,52.13
12.77,52.43,Medium,81.8,10.9,21.61
87.99,53.3,Low,43.07,24.85,88.99
92.48,86.95,Low,17.83,31.69,67.42
10.8,119.41,Low,60.11,80.88,0.05
31.3,86.18,Low,86.06,87.55,28.35
81.59,75.78,High,81.63,30.25,73.9
76.08,93.07,Low,25.76,85.87,66.24
22.53,66.52,Medium,70.55,85.72,21.36
24.89,26.01,High,29.85,76.47,79.61
40.19,76.23,Low,29.64,14.67,39.55
51.03,115.76,High,88.67,69.03,40.74
63.73,37.53,Low,32.47,94.5,110.41
40.05,89.0,High,33.69,68.25,34.71
48.94,40.09,Low,10.06,33.16,87.77
76.01,73.58,Medium,88.36,50.06,72.12
8.48,29.67,Low,81.33,64.57,11.18
28.98,65.04,Low,66.46,51.06,23.74
72.77,95.62,Medium,77.52,12.0,63.75
90.04,54.76,Medium,23.68,31.21,102.81
53.61,86.49,Low,51.25,80.24,29.7
55.55,99.54,Low,41.61,86.14,31.27
15.18,112.72,Medium,18.44,13.73,6.31
47.5,43.46,Medium,53.75,95.24,93.78
55.6,59.93,High,92.87,32.88,70.0
28.03,35.24,Medium,13.61,66.23,66.04
30.58,119.25,High,36.23,75.18,37.48
40.84,112.7,Medium,28.68,81.19,21.9
6.91,74.0,Low,31.43,94.57,5.54
35.6,104.2,Low,91.76,31.29,28.34
25.09,72.1,Medium,52.13,85.85,29.0
36.11,82.36,Medium,51.97,13.17,48.24
16.38,28.91,Low,78.45,70.5,44.21
89.6,95.53,Low,23.9,74.2,65.46
61.39,32.77,High,53.85,67.77,127.81
69.51,102.61,Medium,48.7,25.23,39.85
79.97,98.2,Low,63.72,87.3,42.73
52.35,90.87,Low,99.96,16.89,36.53
13.26,23.62,Low,79.25,5.36,39.14
56.03,50.31,Low,45.81,71.75,45.11
60.75,46.31,Low,84.48,47.55,78.63
75.82,56.01,Low,25.36,84.91,82.8
46.01,28.76,Medium,12.74,38.34,103.21
17.12,113.7,Low,28.4,16.83,21.95
31.96,75.38,High,40.64,83.64,49.66
39.49,50.55,High,55.95,54.89,79.97
66.36,59.7,Low,65.36,18.92,64.53
59.22,64.72,Medium,91.95,72.04,74.28
38.83,80.06,Low,55.89,51.11,45.45
98.72,71.57,High,55.11,60.43,115.88
62.55,111.94,Low,14.52,46.09,22.61
27.54,69.7,Medium,13.14,82.87,31.17
14.67,119.22,Medium,59.6,82.96,13.93
19.52,105.14,Low,49.44,70.94,16.03
28.37,40.85,Low,85.53,10.54,48.53
20.26,113.06,Medium,24.46,83.89,12.36
22.72,31.64,Medium,12.25,67.1,53.76
32.08,101.74,Low,50.41,69.7,0.0
21.47,58.06,Medium,31.37,36.3,46.61
90.19,107.8,Low,14.47,87.93,45.07
12.62,106.81,Medium,75.21,72.54,17.65
54.83,100.59,Low,20.04,11.26,29.61
43.99,99.0,High,64.75,40.78,58.12
98.33,50.47,Low,35.29,88.64,88.52
15.64,28.09,Low,25.61,4.72,33.24
42.8,60.3,Low,44.18,96.14,41.53
97.1,37.35,Low,82.13,67.92,151.45
87.22,89.5,Medium,45.29,63.14,85.73
82.62,54.61,Low,77.57,27.06,81.9
29.5,117.56,High,21.29,24.88,42.77
21.23,84.1,Low,79.55,94.21,18.71
68.52,102.25,Low,31.32,29.83,52.82
93.29,33.25,Low,70.97,77.55,161.67
57.89,106.2,Low,60.92,39.31,25.38
59.3,112.28,Low,93.62,13.93,42.65
31.6,68.71,Low,44.86,1.07,31.85
78.1,80.63,Low,15.95,54.43,42.67
22.77,96.48,Low,11.72,97.58,8.77
35.75,37.48,Medium,84.42,36.91,71.09
45.42,70.26,Medium,57.23,35.72,57.17
53.22,59.87,Low,79.77,34.41,46.54
28.03,34.64,Low,31.1,52.05,19.41
15.91,56.75,High,41.06,44.07,42.05
63.01,26.82,Medium,12.71,87.99,138.76
32.42,22.58,Medium,96.53,50.55,75.97
60.22,33.52,Low,70.11,50.78,79.47
19.66,116.31,Medium,93.99,13.84,28.28
50.71,74.95,Medium,33.89,98.27,51.88
55.6,116.58,Medium,65.03,25.0,36.36
9.92,63.25,High,71.06,7.34,43.3
36.98,51.18,Low,38.58,66.31,49.73
17.77,70.61,Low,86.33,59.54,31.26
11.02,63.95,Medium,95.24,41.51,6.41
99.05,30.57,High,89.64,42.22,214.06
35.62,84.08,Low,76.52,78.51,9.25
81.94,41.6,Low,34.97,19.57,115.89
29.19,81.96,Low,35.35,82.03,18.88
69.74,85.02,Low,96.7,64.87,55.48
77.22,35.2,Medium,10.93,41.9,142.08
61.59,26.13,Medium,74.44,45.8,157.66
49.8,98.08,Low,73.56,25.66,37.5
44.12,65.98,Low,66.04,75.21,61.67
38.14,25.82,Low,99.11,51.29,85.48
93.31,119.49,Low,38.07,32.09,37.44
83.91,25.78,Medium,40.6,59.61,207.75
96.68,89.5,High,17.1,99.57,76.79
16.81,118.37,High,49.85,43.53,43.34
74.43,43.92,Low,33.49,92.07,98.85
94.14,34.22,High,40.9,34.5,179.41
22.22,32.14,Medium,85.11,5.47,46.77
11.32,50.33,Medium,94.19,20.42,30.68
75.41,30.1,Low,26.72,41.87,148.74
59.57,89.22,Low,43.53,21.96,33.64
84.97,26.23,Low,93.58,0.02,211.02
18.28,70.94,Low,15.56,91.5,6.9
80.55,119.67,Low,18.31,84.39,40.74
24.15,101.4,Low,24.65,74.23,20.81
20.55,81.52,Low,63.57,16.78,0.0
20.61,50.63,Medium,23.54,12.04,39.23
82.38,82.39,Low,97.13,6.76,49.44
68.19,72.7,Low,50.2,72.4,64.51
54.69,62.61,High,55.14,92.88,62.78
39.09,33.07,High,32.2,43.05,97.85
88.33,108.66,Medium,52.39,11.91,69.83
42.28,64.98,High,69.57,51.24,67.65
82.58,39.46,Medium,77.61,34.88,138.08
46.72,56.78,High,77.85,37.48,67.06
40.81,61.41,Low,62.01,62.13,34.11
48.95,102.75,Low,91.39,71.87,43.29
33.63,93.36,Low,83.57,11.06,14.62
76.02,96.93,Low,78.13,3.56,36.69
52.76,21.1,Low,15.0,99.43,156.68
27.06,61.62,Medium,10.62,23.27,28.39
90.46,68.13,Medium,29.12,5.38,80.16
41.47,21.92,Medium,69.72,18.99,109.08
56.64,45.98,Low,47.01,3.9,69.08
91.11,96.03,High,46.22,39.18,76.1
64.3,33.71,Medium,89.61,80.24,126.88
16.11,73.53,Low,90.6,34.12,22.66
94.28,41.52,Medium,91.83,44.42,151.51
64.63,21.21,Low,38.25,67.56,180.92
36.82,44.12,Low,72.2,50.89,48.09
18.23,117.59,High,34.45,86.14,34.4
80.43,100.15,Low,27.15,86.6,60.91
63.91,115.96,Low,26.62,0.99,34.33
55.68,68.79,High,40.79,77.8,63.87
89.92,30.97,Medium,48.7,46.07,174.28
79.92,74.8,Low,84.79,98.88,49.65
19.41,65.44,Low,20.79,48.32,24.46
34.61,104.44,Low,76.14,98.69,25.66
28.61,29.81,Medium,57.83,75.46,73.36
75.67,68.82,Low,35.92,24.86,64.69
8.19,35.0,Low,54.35,53.84,28.11
59.14,52.47,High,36.99,99.21,82.79
77.43,93.74,Medium,63.65,85.75,69.11
88.29,67.6,Low,49.05,9.74,77.98
37.5,57.59,Medium,24.8,70.64,42.99
83.02,59.45,Medium,20.49,34.56,99.71
15.51,65.94,Low,59.2,0.7,18.21
85.41,98.5,Low,91.22,40.35,55.6
17.11,109.21,High,40.96,23.48,30.21
42.74,115.53,Low,75.97,81.89,21.82
80.74,98.69,Medium,69.28,33.73,82.97
19.24,51.54,Low,93.84,82.75,34.24
26.78,88.81,Low,83.89,0.06,25.32
73.61,63.76,Low,60.99,30.78,70.39
73.4,45.47,Low,69.13,24.12,106.93
65.91,104.09,Low,90.85,23.36,43.17
70.93,23.84,Low,45.96,6.82,178.78
56.56,110.18,High,39.41,18.71,47.76
28.92,66.15,High,10.97,55.55,45.42
37.84,83.72,Medium,84.39,29.14,5.41
22.25,85.94,High,82.09,41.74,37.64
91.3,109.51,Low,19.4,37.69,45.14
60.42,83.67,High,61.92,87.59,79.25
43.08,81.39,Low,51.76,90.53,31.95
48.89,26.67,High,20.68,49.3,118.1
94.99,71.84,High,98.25,33.02,98.84
19.57,35.02,Medium,29.32,10.68,33.07
60.69,93.74,High,16.05,95.34,63.58
53.06,71.22,Medium,63.54,6.02,57.61
63.09,88.02,Low,76.5,29.77,52.58
6.72,24.17,Low,12.92,29.81,8.77
87.85,28.48,Medium,69.28,32.04,195.42
93.55,91.63,Low,57.91,16.43,47.61
58.69,27.21,Medium,19.29,78.32,146.43
71.18,27.13,High,25.53,12.25,182.61
92.64,21.21,Low,61.12,63.49,267.02
72.19,115.65,Medium,36.67,12.38,47.47
19.49,93.75,High,94.45,7.05,36.62
59.75,55.33,High,83.69,90.94,100.84
62.64,49.65,High,98.52,19.01,92.85
45.29,54.97,Medium,33.37,82.13,60.82
74.96,97.47,High,97.28,54.46,55.28
93.76,86.14,Medium,48.81,7.79,66.63
92.93,38.52,Low,41.28,95.54,145.73
47.83,37.41,Low,14.53,24.7,87.75
15.76,29.84,Medium,14.75,85.96,39.13
98.56,86.03,Low,72.28,16.88,66.38
84.7,96.44,Medium,51.21,85.39,58.63
16.84,46.5,Medium,30.39,1.32,26.38
92.48,22.09,Low,65.26,51.18,254.14
87.64,28.22,Medium,32.76,76.94,181.36
54.29,116.79,Medium,61.99,93.48,50.7
61.17,49.54,Low,42.33,90.92,67.43
42.91,96.92,Low,84.12,81.96,33.78
10.2,82.47,Low,83.86,88.82,0.0
36.84,58.19,Low,52.96,19.92,44.67
81.27,40.57,High,41.57,28.42,146.91
5.44,32.14,Low,42.63,28.9,14.0
36.68,81.5,Medium,82.51,37.71,27.06
42.83,97.46,Low,39.54,39.33,28.86
56.05,84.39,Low,28.82,54.46,28.02
92.39,73.03,High,17.62,15.99,93.38
37.9,24.2,Medium,52.0,69.12,114.26
37.96,116.85,Low,53.39,16.76,27.46
75.06,99.87,Low,85.68,31.03,45.25
47.96,49.28,Low,29.91,50.33,48.64
26.34,118.0,Low,44.29,79.64,19.85
47.98,80.19,Medium,82.76,73.95,46.09
18.38,78.24,Low,84.13,64.55,0.0
21.76,94.81,Low,44.61,15.58,21.6
52.34,101.18,Low,51.32,54.7,30.8
44.8,85.65,High,37.3,8.74,63.41
91.91,32.81,High,93.93,37.74,177.12
39.43,53.83,Low,20.68,41.35,12.18
60.16,112.81,Medium,94.04,3.98,44.79
65.07,42.46,Low,71.55,27.4,94.87
6.24,57.22,Low,57.84,95.56,0.0
68.04,63.21,Medium,12.94,95.36,64.8
21.91,63.94,High,52.8,35.23,68.11
96.3,81.29,High,46.7,4.31,88.02
19.12,114.31,Medium,24.51,17.91,27.35
44.39,44.07,Low,69.08,39.22,53.93
13.11,32.15,Medium,97.4,94.78,13.56
99.7,39.75,Low,60.6,14.12,148.79
52.71,108.69,Medium,74.33,76.35,36.44
61.56,84.58,Low,16.16,10.87,39.67
11.37,48.59,Medium,47.59,98.13,22.89
76.25,101.59,Low,20.47,38.16,47.68
24.94,106.14,Low,65.15,77.52,12.6
90.32,104.65,High,94.46,34.26,59.14
24.49,111.89,Low,69.56,62.77,17.99
23.12,45.22,Medium,16.91,19.2,21.18
8.47,95.5,Low,41.92,14.6,0.0
49.85,66.05,Low,59.56,93.81,52.68
58.66,104.2,Low,46.29,91.76,38.85
11.24,92.85,Low,85.03,88.75,6.69
78.68,97.64,High,83.32,62.54,54.39
48.06,85.62,Low,65.06,80.83,26.6
54.82,37.74,High,43.61,6.9,104.53
46.87,74.5,Medium,32.98,33.48,31.79
43.07,118.47,Low,19.53,31.37,14.42
58.17,113.74,Medium,41.94,63.56,47.21
19.75,24.32,Medium,47.19,35.6,73.0
22.28,36.48,Medium,70.82,14.85,42.45
86.87,33.17,Low,69.23,59.65,164.7
94.88,92.6,Low,16.31,81.44,42.34
40.46,101.78,High,45.57,38.21,50.45
30.72,41.35,High,26.36,13.23,56.54
66.18,70.59,High,24.11,19.67,79.33
43.83,104.07,Low,84.46,23.75,22.79
7.41,93.28,Medium,13.77,29.99,27.97
19.83,74.22,Low,47.73,64.28,7.29
73.02,79.03,Low,25.14,60.09,61.71
67.6,70.84,Low,89.14,69.61,54.46
7.57,49.75,Medium,60.13,36.25,17.55
26.09,76.5,Low,30.82,82.4,18.62
26.95,88.89,Low,55.22,20.41,9.73
68.83,107.33,High,75.83,46.9,58.34
6.87,83.63,Low,96.23,80.09,4.3
14.89,96.11,Low,29.84,18.02,11.71
80.99,36.01,Low,89.76,10.99,135.79
21.96,66.16,High,94.09,88.37,47.9
67.01,20.93,Medium,92.48,34.29,211.33
27.63,44.67,Low,67.19,68.39,26.61
14.45,92.65,High,66.68,2.53,38.05
28.1,119.18,High,46.29,69.0,22.28
73.62,29.92,Low,77.72,31.61,153.51
86.29,60.15,Medium,57.82,5.57,102.27
83.87,100.01,Medium,70.97,60.98,41.2
42.73,40.4,Medium,48.56,24.08,74.39
68.47,75.51,Low,75.83,38.68,49.72
24.47,93.31,High,84.2,8.06,28.15
32.85,81.6,Medium,23.18,14.72,47.66
90.15,38.8,Low,84.96,29.8,132.87
6.24,55.54,Low,58.63,8.98,0.0
13.12,98.38,Low,86.02,91.08,8.76
24.75,75.42,Low,48.82,0.6,26.55
7.52,20.52,Medium,44.11,48.39,30.57
22.24,96.1,Low,92.36,12.32,25.55
60.39,23.53,Low,32.61,30.77,159.3
45.04,94.57,Medium,85.98,92.61,16.79
89.8,40.25,Low,53.56,16.17,128.57
82.66,115.81,High,56.27,96.58,57.21
37.47,56.79,Low,37.76,20.58,44.38
29.65,52.69,Low,61.57,74.16,7.52
41.07,34.89,Low,39.27,54.67,96.12
61.08,50.56,Low,13.53,88.45,77.79
30.47,107.67,Low,34.48,55.4,18.47
64.29,119.63,Medium,10.57,53.46,54.06
43.89,56.83,High,98.05,19.55,89.77
57.44,64.86,Low,96.92,16.62,61.84
46.43,92.21,Medium,45.56,91.65,49.7
32.97,108.62,Medium,75.55,32.78,29.52
95.1,79.3,High,41.12,37.21,90.54
77.54,59.15,Low,70.4,75.98,73.9
18.31,61.26,Low,82.49,33.88,9.67
87.5,89.56,Low,95.21,95.21,51.75
51.31,20.32,Medium,46.02,73.79,148.0
89.98,81.96,High,80.5,59.74,85.11
80.99,55.55,Low,33.93,88.09,70.63
45.4,99.42,Low,99.13,4.96,29.31
7.13,29.3,High,12.32,25.71,34.24
30.52,78.82,High,64.32,46.5,44.7
56.46,68.1,High,69.36,22.7,64.52
65.18,84.23,Medium,71.92,74.39,87.2
29.5,26.49,Low,20.83,91.92,80.42
18.24,78.0,Medium,94.47,42.38,11.59
84.32,76.15,Medium,26.31,34.21,78.77
98.52,76.07,Low,66.05,96.16,71.63
54.94,80.35,Medium,30.04,44.49,40.88
21.31,87.65,Medium,37.65,48.9,11.19
30.87,100.5,Low,59.18,35.16,22.75
6.75,46.98,Medium,47.55,90.95,11.81
91.86,102.5,Medium,24.42,56.9,73.45
16.19,69.83,High,25.38,76.22,43.85
59.77,27.71,Low,47.63,81.18,143.16
31.04,25.86,Low,78.16,34.18,63.49
57.65,53.42,Medium,90.82,43.37,79.5
66.88,98.49,Low,17.57,84.85,47.07
83.83,90.77,Medium,45.38,36.33,60.67
24.61,98.86,Medium,19.02,79.39,17.22
6.04,71.73,Low,11.49,94.1,21.15
18.0,64.02,Medium,69.55,62.32,29.14
90.5,34.75,Medium,64.22,74.16,172.62
88.02,52.82,Low,24.67,80.51,91.76
61.75,63.4,High,31.04,84.5,66.25
62.05,28.86,High,12.13,39.51,143.31
68.18,42.06,Medium,85.15,5.13,106.02
21.66,79.82,Medium,97.72,40.19,15.64
91.87,93.57,Low,22.19,67.38,58.81
44.78,119.83,High,30.83,45.04,25.54
41.4,113.31,Medium,88.16,74.9,20.72
54.3,84.26,Medium,93.38,35.7,55.38
9.46,62.12,High,47.77,63.47,35.18
20.8,83.62,Low,14.56,18.64,11.01
75.11,98.57,High,13.55,74.94,55.54
12.87,31.83,Low,61.66,54.57,13.99
62.3,60.99,Low,45.36,20.41,57.56
28.31,103.98,Low,12.58,29.19,22.78
41.98,58.38,High,62.49,74.86,72.43
32.43,77.19,High,11.02,48.26,40.24
38.79,78.78,Medium,80.86,21.6,28.01
73.31,38.45,Medium,37.58,96.73,127.08
33.23,56.22,Medium,13.62,71.51,37.23
58.81,53.45,High,62.95,95.71,80.83
50.22,22.62,Low,45.79,42.71,146.46
68.05,22.42,Low,97.64,47.51,190.39
94.0,103.17,Low,58.98,89.8,56.25
74.59,47.31,Medium,34.77,52.5,91.88
25.42,71.81,Medium,73.85,70.73,33.35
7.96,49.87,Low,34.43,25.22,20.2
29.92,114.07,Low,91.38,44.67,11.98
61.53,45.93,High,43.72,12.34,113.89
9.89,62.97,Low,59.49,20.6,22.35
52.15,107.27,Medium,14.55,0.09,55.81
61.7,104.19,High,48.35,3.93,58.58
36.75,38.61,Low,84.91,97.73,62.98
78.24,100.26,Low,82.51,24.24,60.96
15.13,65.82,Medium,30.19,66.33,28.27
12.14,68.3,High,30.35,83.91,25.65
74.18,33.35,Medium,83.56,55.07,138.97
52.07,28.06,High,93.74,15.31,133.73
70.4,92.79,Low,18.58,72.81,32.62
46.31,69.65,Medium,50.51,60.03,48.46
28.41,63.69,Medium,40.37,73.13,47.73
82.81,92.95,High,88.36,76.97,51.54
80.94,96.55,Low,17.52,97.54,65.64
71.0,35.89,High,29.0,57.36,149.92
30.85,81.02,Medium,77.72,34.16,28.25
61.07,33.54,Low,14.62,64.85,114.68
39.29,95.14,Low,54.33,6.84,24.81
13.7,85.7,High,49.79,89.74,41.89
92.14,115.66,Low,40.1,11.94,57.63
18.0,26.9,Low,45.51,32.78,26.15
95.27,25.71,Low,57.69,81.57,228.21
47.37,48.22,High,24.52,59.73,76.89
